{"colsample_bytree": 0.5303066899594633, "learning_rate": 0.027977151291815293, "max_depth": 6, "min_child_weight": 1, "n_estimators": 212, "subsample": 0.9684228386256489}