{"colsample_bytree": 0.5631139701151517, "learning_rate": 0.02192194518209472, "max_depth": 7, "min_child_weight": 5, "n_estimators": 267, "subsample": 0.7390505890992729}